scorer,DLC_dlcrnetms5_MOT_NEWJul27shuffle1_50000,DLC_dlcrnetms5_MOT_NEWJul27shuffle1_50000,DLC_dlcrnetms5_MOT_NEWJul27shuffle1_50000,DLC_dlcrnetms5_MOT_NEWJul27shuffle1_50000,DLC_dlcrnetms5_MOT_NEWJul27shuffle1_50000,DLC_dlcrnetms5_MOT_NEWJul27shuffle1_50000,DLC_dlcrnetms5_MOT_NEWJul27shuffle1_50000,DLC_dlcrnetms5_MOT_NEWJul27shuffle1_50000,DLC_dlcrnetms5_MOT_NEWJul27shuffle1_50000,DLC_dlcrnetms5_MOT_NEWJul27shuffle1_50000,DLC_dlcrnetms5_MOT_NEWJul27shuffle1_50000,DLC_dlcrnetms5_MOT_NEWJul27shuffle1_50000,DLC_dlcrnetms5_MOT_NEWJul27shuffle1_50000,DLC_dlcrnetms5_MOT_NEWJul27shuffle1_50000,DLC_dlcrnetms5_MOT_NEWJul27shuffle1_50000
individuals,ind1,ind1,ind1,ind1,ind1,ind1,ind1,ind1,ind1,ind1,ind1,ind1,ind1,ind1,ind1
bodyparts,bodybase,bodybase,bodybase,tailbase,tailbase,tailbase,headbase,headbase,headbase,noses,noses,noses,tailtail,tailtail,tailtail
coords,x,y,likelihood,x,y,likelihood,x,y,likelihood,x,y,likelihood,x,y,likelihood
0,1376.657,936.925,1.0,1309.711,955.682,1.0,1398.351,910.536,1.0,1386.681,879.155,1.0,1289.2,968.057,1.0
1,1375.508,939.399,1.0,1313.872,960.09,1.0,1400.51,905.21,1.0,1391.207,873.574,1.0,1291.527,968.574,1.0
2,1379.135,935.799,1.0,1320.348,961.411,1.0,1405.138,907.481,1.0,1394.513,875.73,1.0,1295.22,970.864,1.0
3,1386.805,929.28,1.0,1322.802,959.66,1.0,1405.639,904.75,1.0,1392.306,870.853,1.0,1301.945,972.726,1.0
4,1388.041,925.475,1.0,1331.431,961.845,1.0,1406.173,897.754,1.0,1397.09,859.133,1.0,1312.126,968.345,1.0
5,1391.354,919.866,1.0,1335.342,960.422,1.0,1408.245,886.66,1.0,1396.371,859.572,1.0,1314.265,969.211,1.0
6,1394.404,919.3,1.0,1342.422,960.338,1.0,1411.778,882.843,1.0,1400.678,848.429,1.0,1323.328,967.607,1.0
7,1402.907,910.084,1.0,1353.518,958.81,1.0,1417.119,877.419,1.0,1405.079,845.472,1.0,1330.226,967.962,1.0
8,1406.04,908.5,1.0,1358.278,958.881,1.0,1422.972,873.364,1.0,1417.434,837.214,1.0,1344.474,971.513,1.0
9,1411.14,903.28,1.0,1367.751,949.659,1.0,1423.339,864.457,1.0,1418.703,829.702,1.0,1353.171,967.767,1.0
10,1416.645,893.664,1.0,1376.105,947.14,1.0,1428.545,856.853,1.0,1419.622,819.977,1.0,1360.134,968.257,1.0
11,1418.517,887.297,1.0,1376.664,946.656,1.0,1430.607,846.632,1.0,1424.358,809.757,1.0,1364.176,959.08,1.0
12,1421.921,876.217,1.0,1386.083,939.429,1.0,1433.326,842.353,1.0,1425.134,806.875,1.0,1369.535,957.565,1.0
13,1422.684,872.314,1.0,1390.89,936.123,1.0,1433.975,831.191,1.0,1431.632,800.039,1.0,1376.882,955.379,1.0
14,1420.49,868.195,1.0,1397.597,930.572,1.0,1437.713,827.169,1.0,1430.422,792.854,1.0,1386.713,952.891,1.0
15,1421.358,860.372,1.0,1403.749,929.35,1.0,1437.493,816.223,1.0,1439.106,782.305,1.0,1391.455,946.605,1.0
16,1424.849,861.134,1.0,1407.658,920.396,1.0,1439.538,811.782,1.0,1440.049,777.502,1.0,1393.581,941.487,1.0
17,1426.509,854.826,1.0,1406.327,917.897,1.0,1440.678,805.784,1.0,1444.362,775.961,1.0,1398.096,937.28,1.0
18,1428.091,853.115,1.0,1412.402,913.034,1.0,1438.234,812.785,1.0,1446.057,771.698,1.0,1403.001,936.076,1.0
19,1430.888,851.623,1.0,1415.652,911.414,1.0,1441.24,811.149,1.0,1453.101,771.719,1.0,1405.98,936.585,1.0
20,1432.466,851.094,1.0,1413.914,910.122,1.0,1444.416,810.802,1.0,1452.846,771.956,1.0,1404.329,939.114,1.0
21,1430.129,853.705,1.0,1409.6,911.618,1.0,1442.645,805.684,1.0,1458.835,777.14,1.0,1398.873,934.226,1.0
22,1428.759,854.515,1.0,1406.301,911.136,1.0,1442.726,806.499,1.0,1452.492,776.803,1.0,1400.668,940.168,1.0
23,1427.687,854.504,1.0,1405.266,911.05,1.0,1443.102,806.834,1.0,1455.787,776.18,1.0,1399.722,939.632,1.0
24,1428.291,853.636,1.0,1404.874,910.537,1.0,1443.224,806.107,1.0,1449.32,769.058,1.0,1399.314,938.539,1.0
25,1427.592,853.88,1.0,1406.059,911.412,1.0,1442.648,806.301,1.0,1448.158,768.399,1.0,1400.633,939.927,1.0
26,1426.306,854.375,1.0,1405.92,911.063,1.0,1441.111,806.624,1.0,1442.769,767.034,1.0,1400.062,939.714,1.0
27,1425.165,855.896,1.0,1406.431,911.383,1.0,1439.806,807.388,1.0,1442.563,767.334,1.0,1400.872,940.206,1.0
28,1425.242,856.06,1.0,1406.376,910.88,1.0,1440.049,807.782,1.0,1443.307,767.825,1.0,1400.871,939.461,1.0
29,1425.136,855.81,1.0,1406.389,910.835,1.0,1440.119,808.093,1.0,1442.94,767.729,1.0,1400.863,939.329,1.0
30,1425.147,856.011,1.0,1406.496,909.995,1.0,1442.287,812.298,1.0,1447.76,771.116,1.0,1402.391,938.874,1.0
31,1425.151,856.271,1.0,1406.362,909.956,1.0,1442.093,812.752,1.0,1449.654,770.921,1.0,1402.043,938.933,1.0
32,1425.266,856.074,1.0,1406.366,909.899,1.0,1441.97,812.074,1.0,1445.295,767.472,1.0,1402.033,938.88,1.0
33,1425.551,856.166,1.0,1406.39,909.866,1.0,1442.314,811.407,1.0,1442.202,767.403,1.0,1401.923,938.969,1.0
34,1425.343,856.137,1.0,1406.138,910.028,1.0,1440.586,811.792,1.0,1440.032,767.035,1.0,1401.294,938.825,1.0
35,1425.287,856.307,1.0,1406.373,909.824,1.0,1442.519,810.024,1.0,1429.778,766.102,1.0,1401.437,938.221,1.0
36,1426.064,853.98,1.0,1406.87,909.606,1.0,1439.71,808.623,1.0,1420.338,767.291,1.0,1402.338,938.101,1.0
37,1425.085,853.712,1.0,1406.891,909.584,1.0,1435.318,807.726,1.0,1413.326,766.944,1.0,1402.336,938.133,1.0
38,1424.314,854.469,1.0,1406.779,909.516,1.0,1435.775,809.205,1.0,1418.125,766.126,1.0,1402.278,938.145,1.0
39,1424.783,855.912,1.0,1406.898,909.387,1.0,1435.473,809.938,1.0,1418.327,767.466,1.0,1402.339,938.075,1.0
40,1424.958,856.084,1.0,1406.832,909.344,1.0,1435.441,810.053,1.0,1418.374,767.725,1.0,1402.408,937.925,1.0
41,1424.314,856.075,1.0,1406.766,909.125,1.0,1435.176,810.153,1.0,1418.35,767.128,1.0,1402.48,937.772,1.0
42,1424.581,856.754,1.0,1406.558,908.887,1.0,1434.995,810.709,1.0,1418.845,768.702,1.0,1402.463,937.45,1.0
43,1424.578,856.454,1.0,1406.641,909.182,1.0,1434.84,810.967,1.0,1418.981,768.841,1.0,1402.643,937.697,1.0
44,1424.713,856.353,1.0,1406.611,909.271,1.0,1434.556,810.022,1.0,1417.371,767.39,1.0,1402.491,937.817,1.0
45,1424.666,855.919,1.0,1406.677,909.135,1.0,1434.959,807.903,1.0,1412.252,764.974,1.0,1402.453,937.737,1.0
46,1424.092,854.631,1.0,1406.837,909.455,1.0,1433.487,805.594,1.0,1406.876,763.836,1.0,1402.391,937.929,1.0
47,1424.649,854.689,1.0,1406.668,909.54,1.0,1433.699,804.847,1.0,1405.94,764.008,1.0,1402.343,938.042,1.0
48,1424.681,854.805,1.0,1406.786,909.538,1.0,1433.033,804.745,1.0,1405.639,764.507,1.0,1402.328,938.136,1.0
49,1424.313,854.873,1.0,1406.85,909.631,1.0,1431.773,804.365,1.0,1408.237,766.66,1.0,1402.307,938.24,1.0
50,1424.452,854.732,1.0,1406.875,909.639,1.0,1431.426,804.581,1.0,1408.168,766.833,1.0,1402.395,938.178,1.0
51,1424.357,854.261,1.0,1407.018,909.695,1.0,1430.905,804.84,1.0,1407.775,766.887,1.0,1402.566,938.225,1.0
52,1424.39,854.412,1.0,1407.103,909.655,1.0,1430.385,804.954,1.0,1408.168,767.016,1.0,1402.586,938.254,1.0
53,1424.389,853.912,1.0,1407.227,909.734,1.0,1430.54,803.914,1.0,1407.717,767.522,1.0,1402.645,938.261,1.0
54,1425.543,855.57,1.0,1407.457,909.945,1.0,1430.69,802.532,1.0,1407.268,767.298,1.0,1402.553,938.344,1.0
55,1427.163,853.084,1.0,1411.485,911.485,1.0,1431.759,803.903,1.0,1405.414,770.404,1.0,1400.638,937.761,1.0
56,1429.812,857.58,1.0,1415.592,912.737,1.0,1432.104,811.132,1.0,1409.317,781.164,1.0,1404.04,935.867,1.0
57,1430.586,855.205,1.0,1416.563,913.098,1.0,1431.401,811.043,1.0,1413.308,786.535,1.0,1404.39,935.907,1.0
58,1432.525,861.703,1.0,1416.279,916.603,1.0,1433.663,823.778,1.0,1414.869,789.504,1.0,1404.201,937.534,1.0
59,1431.404,863.242,1.0,1415.793,918.02,1.0,1431.728,822.696,1.0,1410.408,798.912,1.0,1404.332,938.685,1.0
60,1432.727,874.349,1.0,1415.587,921.549,1.0,1434.981,833.308,1.0,1405.774,808.912,1.0,1405.139,940.636,1.0
61,1431.869,871.528,1.0,1416.011,922.034,1.0,1433.17,841.362,1.0,1394.992,808.308,1.0,1407.506,941.867,1.0
62,1429.214,871.226,1.0,1418.274,923.923,1.0,1428.264,843.828,1.0,1395.852,812.331,1.0,1407.854,943.354,1.0
63,1428.273,871.876,1.0,1418.305,924.592,1.0,1422.235,843.016,1.0,1391.156,812.898,1.0,1406.464,944.12,1.0
64,1425.55,871.875,1.0,1418.162,927.368,1.0,1418.847,835.217,1.0,1387.824,815.66,1.0,1407.737,946.779,1.0
65,1423.746,873.26,1.0,1418.879,928.034,1.0,1416.292,835.896,1.0,1382.369,816.702,1.0,1408.17,947.15,1.0
66,1424.259,872.198,1.0,1418.642,928.14,1.0,1417.241,835.283,1.0,1375.064,823.976,1.0,1407.867,947.357,1.0
67,1422.729,873.112,1.0,1418.53,928.337,1.0,1414.95,836.025,1.0,1374.168,820.94,1.0,1408.0,947.934,1.0
68,1421.714,878.184,1.0,1419.217,928.682,1.0,1412.786,842.427,1.0,1375.146,826.902,1.0,1408.787,948.764,1.0
69,1423.158,881.184,1.0,1420.047,929.687,1.0,1411.503,854.505,1.0,1376.519,834.886,1.0,1408.973,949.29,1.0
70,1423.609,886.52,1.0,1422.852,924.947,1.0,1411.878,850.497,1.0,1375.409,836.841,1.0,1410.663,952.407,1.0
71,1423.662,889.328,1.0,1425.258,926.555,1.0,1412.009,864.156,1.0,1370.545,847.538,1.0,1413.604,954.484,1.0
72,1423.767,890.708,1.0,1427.082,927.63,1.0,1408.134,871.655,1.0,1366.454,854.456,1.0,1413.903,954.654,1.0
73,1423.442,891.213,1.0,1426.456,926.882,1.0,1407.508,875.156,1.0,1365.594,858.083,1.0,1415.055,953.983,1.0
74,1418.416,890.321,1.0,1425.983,928.675,1.0,1401.736,869.433,1.0,1360.015,865.402,1.0,1415.617,955.356,1.0
75,1417.926,891.159,1.0,1426.003,930.595,1.0,1394.927,871.535,1.0,1354.47,872.188,1.0,1416.738,954.516,1.0
76,1418.758,891.81,1.0,1419.665,932.503,1.0,1394.006,878.649,1.0,1349.743,874.969,1.0,1415.069,953.229,1.0
77,1416.857,892.384,1.0,1420.986,933.012,1.0,1391.361,881.726,1.0,1351.992,879.169,1.0,1416.324,952.712,1.0
78,1415.629,894.517,1.0,1421.952,934.178,1.0,1388.329,886.481,1.0,1349.965,881.314,1.0,1415.689,953.407,1.0
79,1415.177,895.845,1.0,1421.83,934.76,1.0,1385.361,885.036,1.0,1342.395,888.463,1.0,1416.82,955.031,1.0
80,1415.586,895.503,1.0,1421.727,934.369,1.0,1383.283,891.386,1.0,1340.564,894.86,1.0,1417.098,955.487,1.0
81,1413.047,895.28,1.0,1421.626,935.251,1.0,1381.074,893.988,1.0,1344.103,898.062,1.0,1416.601,956.575,1.0
82,1411.003,896.023,1.0,1423.481,935.638,1.0,1383.28,895.168,1.0,1340.579,906.126,1.0,1418.517,956.672,1.0
83,1410.208,897.455,1.0,1424.237,936.235,1.0,1380.047,899.049,1.0,1336.986,903.85,1.0,1419.043,957.122,1.0
84,1409.33,899.878,1.0,1443.341,899.64,0.9660000205039978,1378.979,903.31,1.0,1334.731,907.857,1.0,1419.5,956.834,1.0
85,1409.68,901.392,1.0,1423.916,935.732,1.0,1378.452,905.959,1.0,1332.28,910.838,1.0,1418.776,957.285,1.0
86,1408.507,901.592,1.0,1423.413,936.178,1.0,,,0.0,,,0.0,1417.87,957.681,1.0
87,1408.427,900.677,1.0,1422.745,936.641,1.0,1375.893,908.533,1.0,1334.896,910.74,1.0,1417.904,957.818,1.0
88,1408.279,900.262,1.0,1423.681,934.162,1.0,1378.268,901.313,1.0,1330.781,912.49,1.0,1418.763,956.282,1.0
89,1402.935,900.916,1.0,1424.282,934.716,1.0,1375.266,903.246,1.0,1326.685,912.039,1.0,1418.762,956.092,1.0
90,1399.991,901.419,1.0,1424.121,933.8,1.0,1366.736,902.581,1.0,1329.053,916.81,1.0,1419.225,955.75,1.0
91,1397.114,902.043,1.0,1424.232,934.161,1.0,1360.609,903.062,1.0,1325.36,919.825,1.0,1418.882,955.49,1.0
92,1398.02,905.367,1.0,1425.917,932.964,1.0,1358.056,906.556,1.0,1319.559,920.959,1.0,1420.196,953.976,1.0
93,1394.687,907.541,1.0,1423.694,933.434,1.0,1357.098,911.818,1.0,1316.15,919.449,1.0,1420.218,955.218,1.0
94,1394.119,906.023,1.0,1424.868,938.134,1.0,1357.913,913.896,1.0,1319.271,925.908,1.0,1420.749,955.985,1.0
95,1397.237,907.659,1.0,1425.649,938.586,1.0,1355.425,919.916,1.0,1322.022,925.423,1.0,1424.641,958.424,1.0
96,1397.753,907.69,1.0,1427.487,939.998,1.0,1357.767,920.229,1.0,1321.256,936.268,1.0,1423.024,955.709,1.0
97,1398.168,908.821,1.0,1429.599,939.896,1.0,1358.253,924.788,1.0,1329.09,940.785,1.0,1427.481,956.786,1.0
98,1398.534,911.947,1.0,1435.97,939.209,0.9990000128746033,1358.349,929.417,1.0,1326.994,944.708,1.0,1428.681,955.984,1.0
99,1399.416,912.064,1.0,1435.722,939.217,0.9990000128746033,1358.671,931.345,1.0,1331.045,944.533,1.0,1428.988,955.949,1.0
100,1397.679,912.777,1.0,1435.638,939.517,1.0,1359.419,935.752,1.0,1333.236,952.262,1.0,1429.57,957.184,1.0
101,1398.642,913.256,1.0,1436.617,938.82,0.9990000128746033,1362.16,939.595,1.0,1335.362,954.734,1.0,1430.742,955.826,1.0
102,1398.935,913.439,1.0,1437.771,933.773,1.0,1365.28,931.643,1.0,1336.639,951.969,1.0,1432.733,953.635,1.0
103,1399.261,915.711,1.0,1437.968,933.685,1.0,1367.019,934.509,1.0,1339.878,958.679,1.0,1433.613,954.667,1.0
104,1399.046,916.547,1.0,1438.448,934.066,1.0,1366.88,943.18,1.0,1344.827,957.889,1.0,1434.692,954.558,1.0
105,1399.978,917.528,1.0,1437.654,932.948,0.9950000047683716,1367.374,944.686,1.0,1353.289,967.602,1.0,1437.928,954.395,1.0
106,1399.571,916.915,1.0,1439.847,926.594,0.9950000047683716,1366.882,945.047,1.0,1357.416,970.55,1.0,1442.218,954.629,1.0
107,1399.918,917.573,1.0,1439.681,925.357,0.9990000128746033,1368.919,945.151,1.0,1355.867,972.787,1.0,1440.473,953.849,1.0
108,1399.976,918.179,1.0,1441.441,925.393,1.0,1369.936,947.947,1.0,1351.653,974.28,1.0,1441.608,954.278,1.0
109,1401.326,918.262,1.0,1440.378,925.699,1.0,1372.513,950.112,1.0,1352.231,977.835,1.0,1443.189,952.629,1.0
110,1401.501,918.35,1.0,1440.22,925.864,1.0,1374.315,950.261,1.0,1350.148,977.326,1.0,1443.781,952.469,1.0
111,1400.905,918.639,1.0,1440.108,925.924,1.0,1375.688,949.808,1.0,1353.708,979.386,1.0,1443.326,952.792,1.0
112,1400.544,918.926,1.0,1440.659,925.876,1.0,1377.013,949.167,1.0,1352.965,980.271,1.0,1443.511,952.532,1.0
113,1399.627,920.891,1.0,1440.864,925.622,1.0,1376.868,949.561,1.0,1354.329,979.257,1.0,1443.403,952.529,1.0
114,1400.478,919.278,1.0,1441.033,925.497,1.0,1373.672,947.417,1.0,1361.445,984.214,1.0,1443.607,952.394,1.0
115,1399.972,919.876,1.0,1440.549,925.438,1.0,1375.489,947.716,1.0,1362.148,984.229,1.0,1443.434,951.696,1.0
116,1401.475,917.646,1.0,1440.766,925.94,1.0,1378.203,948.269,1.0,1361.051,980.235,1.0,1443.017,951.374,1.0
117,1401.302,918.162,1.0,1440.814,926.092,1.0,1380.547,950.576,1.0,1364.128,972.716,1.0,1442.857,950.919,1.0
118,1402.038,917.528,1.0,1440.692,925.582,1.0,1381.89,953.198,1.0,1365.27,973.235,1.0,1443.17,950.815,1.0
119,1401.916,917.371,1.0,1440.567,925.558,1.0,1380.969,952.982,1.0,1368.385,973.708,1.0,1443.691,950.307,1.0
120,1401.242,918.344,1.0,1441.021,925.721,1.0,1381.463,955.69,1.0,1365.366,972.503,1.0,1443.928,950.953,1.0
121,1400.958,918.297,1.0,1440.624,925.448,1.0,1381.598,955.667,1.0,1365.505,972.206,1.0,1444.169,950.848,1.0
122,1399.165,919.454,1.0,1440.479,925.73,1.0,1381.677,955.561,1.0,1367.176,972.23,1.0,1443.723,951.19,1.0
123,1399.665,918.931,1.0,1440.778,925.501,1.0,1382.068,955.966,1.0,1366.806,972.287,1.0,1443.611,950.882,1.0
124,1398.591,919.966,1.0,1440.765,925.586,1.0,1382.796,956.135,1.0,1367.119,972.199,1.0,1443.069,950.919,1.0
125,1398.356,919.91,1.0,1440.993,925.213,1.0,1382.673,956.429,1.0,1364.885,971.935,1.0,1443.119,950.093,1.0
126,1399.596,919.51,1.0,1440.605,925.205,1.0,1382.129,955.603,1.0,1362.852,971.058,1.0,1442.677,950.54,1.0
127,1402.176,918.872,1.0,1440.883,925.003,1.0,1379.359,947.976,1.0,1353.304,962.128,1.0,1443.041,950.161,1.0
128,1402.436,920.024,1.0,1440.544,924.819,1.0,1376.853,945.649,1.0,1349.557,958.078,1.0,1442.619,950.461,1.0
129,1402.785,920.065,1.0,1440.559,925.678,1.0,1376.447,945.525,1.0,1345.918,954.341,1.0,1442.459,951.129,1.0
130,1403.993,918.616,1.0,1440.733,925.855,1.0,1379.197,943.568,1.0,1354.071,950.92,1.0,1442.804,951.612,1.0
131,1404.224,917.38,1.0,1440.92,925.244,1.0,1379.427,940.399,1.0,1354.342,949.446,1.0,1443.026,951.812,1.0
132,1403.679,917.285,1.0,1440.44,925.617,1.0,1378.404,938.337,1.0,1347.056,948.573,1.0,1442.881,951.955,1.0
133,1402.863,917.527,1.0,1440.567,926.216,1.0,1376.564,938.532,1.0,1341.216,950.896,1.0,1442.849,952.314,1.0
134,1402.168,919.011,1.0,1440.225,926.135,1.0,1373.453,941.069,1.0,1341.458,948.903,1.0,1442.597,951.827,1.0
135,1399.82,920.123,1.0,1439.599,925.857,1.0,1369.833,942.131,1.0,1335.594,948.273,1.0,1442.345,951.251,1.0
136,1399.427,919.519,1.0,1439.047,925.835,1.0,1367.444,943.688,1.0,1338.925,951.054,1.0,1441.973,950.914,1.0
137,1398.525,919.859,1.0,1438.685,925.982,1.0,1369.028,943.23,1.0,1335.516,953.149,1.0,1441.303,951.021,1.0
138,1396.878,921.166,1.0,1438.676,926.433,1.0,1368.826,943.239,1.0,1327.795,951.966,1.0,1441.288,951.253,1.0
139,1393.639,923.082,1.0,1438.883,926.531,1.0,1362.532,947.389,1.0,1328.657,955.823,1.0,1441.92,950.823,1.0
140,1391.815,923.827,1.0,1438.632,927.284,1.0,1359.818,949.151,1.0,1321.308,955.002,1.0,1441.095,951.661,1.0
141,1390.104,926.282,1.0,1438.921,927.474,1.0,1354.708,948.025,1.0,1314.815,952.015,1.0,1441.305,952.567,1.0
142,1386.421,925.441,1.0,1436.46,926.33,1.0,1351.84,947.452,1.0,1309.593,952.457,1.0,1441.4,949.106,1.0
143,1385.372,926.261,1.0,1436.154,925.356,1.0,1344.999,948.285,1.0,1311.68,957.969,1.0,1440.333,948.571,1.0
144,1384.725,925.846,1.0,1436.93,924.391,1.0,1344.507,951.505,1.0,1302.309,961.26,1.0,1442.639,949.384,1.0
145,1385.417,929.346,1.0,1434.869,919.411,1.0,1338.05,948.875,1.0,1302.815,965.058,1.0,1442.784,944.554,1.0
146,1382.642,932.048,1.0,1434.482,918.695,1.0,1332.868,950.686,1.0,1294.298,969.416,1.0,1443.11,943.364,1.0
147,1377.815,934.818,1.0,1430.625,920.001,1.0,1328.567,954.494,1.0,1296.127,970.788,1.0,1442.957,941.351,1.0
148,1376.514,935.527,1.0,1429.949,920.127,1.0,1328.695,954.221,1.0,1294.018,970.663,1.0,1442.798,940.986,1.0
149,1376.652,934.167,1.0,1430.055,919.056,1.0,1328.346,954.444,1.0,1294.881,967.361,1.0,1442.66,940.135,1.0
150,1376.149,934.444,1.0,1430.014,919.15,1.0,1329.785,954.385,1.0,1295.406,969.645,1.0,1444.341,937.142,1.0
151,1376.071,934.379,1.0,1430.458,919.235,1.0,1329.603,954.119,1.0,1296.214,970.524,1.0,1444.436,937.551,1.0
152,1375.924,934.252,1.0,1430.629,919.513,1.0,1329.11,953.806,1.0,1296.625,974.13,1.0,1444.528,938.102,1.0
153,1375.904,934.241,1.0,1430.507,919.423,1.0,1328.695,953.914,1.0,1296.608,974.494,1.0,1444.457,938.101,1.0
154,1375.68,933.842,1.0,1430.26,918.89,1.0,1328.685,954.521,1.0,1296.487,974.547,1.0,1444.276,937.279,1.0
155,1375.575,933.99,1.0,1430.321,919.023,1.0,1328.755,955.05,1.0,1297.434,975.051,1.0,1444.239,937.481,1.0
156,1375.262,934.168,1.0,1430.217,918.953,1.0,1329.357,955.401,1.0,1294.006,976.968,1.0,1444.174,937.391,1.0
157,1375.317,934.195,1.0,1430.038,918.613,1.0,1329.17,956.287,1.0,1294.227,976.737,1.0,1444.271,936.779,1.0
158,1375.606,934.269,1.0,1429.899,918.409,1.0,1329.855,956.212,1.0,1294.161,976.342,1.0,1444.107,936.377,1.0
159,1376.688,933.594,1.0,1430.335,920.493,1.0,1335.311,954.578,1.0,1297.191,966.173,1.0,1442.663,939.013,1.0
160,1379.717,931.438,1.0,1429.739,920.475,1.0,1339.025,951.761,1.0,1301.153,953.499,1.0,1442.704,939.064,1.0
161,1381.511,930.585,1.0,1431.589,919.603,1.0,1344.361,951.337,1.0,1306.413,947.218,1.0,1442.609,939.779,1.0
162,1383.591,928.908,1.0,1431.586,917.773,1.0,1344.865,948.034,1.0,1300.588,943.06,1.0,1444.66,936.505,1.0
163,1383.597,929.6,1.0,1432.87,918.442,1.0,1345.041,945.578,1.0,1300.674,938.317,1.0,1443.062,940.349,1.0
164,1385.57,926.688,1.0,1433.049,918.447,1.0,1345.615,940.949,1.0,1306.112,934.864,1.0,1443.303,941.226,1.0
165,1385.504,926.773,1.0,1432.984,918.809,1.0,1345.956,937.171,1.0,1302.119,932.47,1.0,1443.259,940.861,1.0
166,1384.334,929.103,1.0,1433.189,919.084,1.0,1344.144,938.002,1.0,1301.138,933.025,1.0,1443.426,940.34,1.0
167,1384.492,928.416,1.0,1433.094,918.754,1.0,1344.731,937.99,1.0,1306.611,932.359,1.0,1443.26,940.34,1.0
168,1384.468,928.833,1.0,1432.441,917.937,1.0,1344.488,938.254,1.0,1306.392,932.289,1.0,1442.851,939.832,1.0
169,1384.467,928.233,1.0,1431.725,918.286,1.0,1344.63,937.837,1.0,1303.714,929.217,1.0,1442.435,940.186,1.0
170,1383.273,927.48,1.0,1431.101,917.875,1.0,1343.837,937.585,1.0,1301.327,929.167,1.0,1442.28,939.696,1.0
171,1380.61,926.996,1.0,1430.778,917.362,1.0,1343.259,936.822,1.0,1296.234,925.142,1.0,1442.381,939.786,1.0
172,1379.686,926.568,1.0,1431.171,917.856,1.0,1338.913,934.56,1.0,1294.23,924.623,1.0,1442.708,939.827,1.0
173,1376.794,928.543,1.0,1431.294,918.62,1.0,1327.747,938.754,1.0,1284.447,919.773,1.0,1443.051,940.863,1.0
174,1375.856,927.707,1.0,1430.625,919.532,1.0,1329.258,935.539,1.0,1282.412,921.826,1.0,1442.18,940.353,1.0
175,1370.219,928.926,1.0,1428.698,923.085,1.0,1320.154,932.159,1.0,1278.983,917.523,1.0,1442.281,939.969,1.0
176,1366.788,929.364,1.0,1423.772,925.012,1.0,1310.017,933.546,1.0,1275.151,913.205,1.0,1440.907,941.906,1.0
177,1355.835,933.39,1.0,1423.994,927.235,1.0,1306.253,932.745,1.0,1263.959,914.101,1.0,1440.809,946.331,1.0
178,1350.386,936.723,1.0,1410.859,929.991,0.9869999885559082,1296.471,933.333,1.0,1256.799,914.877,1.0,1437.321,949.568,1.0
179,1339.894,933.116,1.0,1408.231,928.772,1.0,1293.522,930.102,1.0,1251.457,912.931,1.0,1427.864,938.576,0.9710000157356262
180,1337.439,933.732,1.0,1403.199,930.022,1.0,1286.609,928.281,1.0,1244.428,918.725,1.0,1422.62,932.268,1.0
181,1331.19,934.507,1.0,1397.823,931.943,1.0,1278.671,930.575,1.0,1239.106,921.452,1.0,1419.627,931.435,1.0
182,1322.372,930.616,1.0,1395.043,933.78,1.0,1272.17,927.092,1.0,1229.989,922.961,1.0,1412.597,932.893,1.0
183,1313.981,930.062,1.0,1380.67,936.092,1.0,1259.847,927.155,1.0,1219.832,916.567,1.0,1400.593,932.876,1.0
184,1304.124,928.96,1.0,1370.596,931.963,1.0,1248.561,926.456,1.0,1209.257,921.834,1.0,1391.664,929.688,1.0
185,1293.748,930.179,1.0,1362.265,936.51,1.0,1238.043,928.172,1.0,1198.125,918.365,1.0,1383.063,935.842,1.0
186,1282.964,933.97,1.0,1352.1,942.534,1.0,1231.026,925.402,1.0,1190.362,915.131,1.0,1374.764,935.027,1.0
187,1273.028,935.509,1.0,1340.254,945.352,1.0,1226.016,927.786,1.0,1182.748,915.592,1.0,1366.207,935.543,1.0
188,1260.779,939.266,1.0,1330.851,945.521,1.0,1217.463,932.693,1.0,1173.222,923.64,1.0,1354.912,940.018,1.0
189,1255.086,941.211,1.0,1321.43,943.354,1.0,1203.552,933.685,1.0,1169.604,934.449,1.0,1343.785,934.527,1.0
190,1244.129,939.831,1.0,1313.239,941.944,1.0,1195.301,935.736,1.0,1159.512,934.279,1.0,1334.597,933.064,1.0
191,1235.05,937.532,1.0,1300.598,942.693,1.0,1184.816,940.219,1.0,1151.375,942.908,1.0,1324.144,937.508,1.0
192,1225.573,936.826,1.0,1293.425,944.34,1.0,1177.689,943.624,1.0,1143.546,942.199,1.0,1314.143,937.152,1.0
193,1217.313,940.058,1.0,1276.824,943.582,1.0,1169.855,947.036,1.0,1134.68,947.679,1.0,1304.982,943.248,1.0
194,1207.689,940.769,1.0,1271.684,947.678,1.0,1156.039,951.268,1.0,1117.586,951.756,1.0,1295.87,949.201,1.0
195,1195.271,942.685,1.0,1259.38,948.75,1.0,1144.837,954.991,1.0,1104.764,954.14,1.0,1279.55,948.255,1.0
196,1181.724,948.453,1.0,1244.419,950.154,1.0,1129.495,949.773,1.0,1090.506,951.251,1.0,1266.993,951.727,1.0
197,1161.503,956.957,1.0,1227.471,952.29,1.0,1112.751,958.399,1.0,1075.041,956.773,1.0,1251.516,951.182,1.0
198,1140.576,959.5,1.0,1210.205,955.341,1.0,1097.09,958.153,1.0,1059.233,961.307,1.0,1235.026,950.346,1.0
199,1125.859,959.236,1.0,1192.555,955.379,1.0,1080.462,961.433,1.0,1043.049,965.557,1.0,1217.416,950.236,1.0
200,1109.768,958.246,1.0,1175.892,956.221,1.0,1061.696,966.079,1.0,1027.792,968.136,1.0,1199.901,950.716,1.0
201,1095.357,958.36,1.0,1160.551,958.458,1.0,1046.975,965.754,1.0,1012.806,971.687,1.0,1182.501,956.256,1.0
202,1084.357,963.005,1.0,1145.43,961.754,1.0,1035.643,968.998,1.0,999.291,969.277,1.0,1167.187,961.628,1.0
203,1071.14,965.999,1.0,1139.556,967.953,1.0,1025.422,966.524,1.0,986.229,961.691,1.0,1162.408,971.266,1.0
204,1055.479,971.0,1.0,1120.443,969.155,1.0,1005.319,966.053,1.0,973.089,959.438,1.0,1146.463,969.443,1.0
205,1038.707,971.081,1.0,1105.981,967.409,1.0,989.603,964.406,1.0,957.499,960.21,1.0,1131.559,968.842,1.0
206,1023.279,965.372,1.0,1091.348,970.052,1.0,974.782,962.272,1.0,944.138,958.365,1.0,1113.842,966.373,1.0
207,1014.027,965.265,1.0,1080.587,967.315,1.0,964.363,961.475,1.0,926.617,961.273,1.0,1104.586,969.901,1.0
208,1000.062,964.635,1.0,1063.349,971.156,1.0,952.175,960.041,1.0,912.659,961.926,1.0,1087.321,970.995,1.0
209,982.805,962.867,1.0,1048.32,967.97,1.0,935.385,958.023,1.0,898.111,958.547,1.0,1069.505,965.726,1.0
210,967.298,962.874,1.0,1033.885,968.716,1.0,915.553,958.12,1.0,879.844,951.04,1.0,1054.612,965.862,1.0
211,952.109,962.218,1.0,1019.375,965.764,1.0,901.263,956.077,1.0,863.746,952.079,1.0,1038.712,964.195,1.0
212,933.419,964.147,1.0,1002.658,963.232,1.0,883.874,958.838,1.0,845.221,954.265,1.0,1022.793,967.655,1.0
213,912.1,958.8,1.0,980.812,966.765,1.0,863.381,957.005,1.0,830.227,952.154,1.0,1004.15,966.392,1.0
214,896.879,958.348,1.0,961.465,967.056,1.0,842.73,959.986,1.0,809.609,958.414,1.0,984.71,967.847,1.0
215,881.01,960.499,1.0,944.719,964.79,1.0,829.597,964.852,1.0,795.121,958.145,1.0,969.136,966.201,1.0
216,864.188,965.184,1.0,932.172,963.512,1.0,815.651,966.157,1.0,780.675,959.392,1.0,956.124,966.83,1.0
217,850.91,964.907,1.0,917.206,966.076,1.0,797.856,964.464,1.0,763.949,960.817,1.0,940.214,970.896,1.0
218,834.334,963.336,1.0,900.177,965.006,1.0,784.015,962.405,1.0,749.01,959.967,1.0,924.52,968.649,1.0
219,815.904,964.87,1.0,884.93,965.89,1.0,767.167,962.823,1.0,733.107,959.924,1.0,907.955,964.495,1.0
220,798.154,967.912,1.0,862.021,967.719,1.0,749.031,963.883,1.0,713.162,960.959,1.0,888.671,965.302,1.0
221,782.059,966.173,1.0,844.663,966.634,1.0,726.341,965.061,1.0,693.097,961.596,1.0,873.876,966.677,1.0
222,766.03,966.932,1.0,829.828,967.503,1.0,709.559,966.996,1.0,682.566,970.561,1.0,854.279,966.064,1.0
223,754.261,967.651,1.0,816.139,965.844,1.0,697.147,967.523,1.0,668.818,969.651,1.0,841.244,964.634,1.0
224,739.809,968.073,1.0,808.547,968.067,1.0,686.603,968.556,1.0,656.859,966.456,1.0,832.293,969.142,1.0
225,732.474,967.395,1.0,797.859,966.941,1.0,677.336,967.605,1.0,648.934,964.773,1.0,815.022,964.874,1.0
226,721.564,967.048,1.0,783.33,969.063,1.0,662.901,964.936,1.0,632.28,959.059,1.0,806.859,968.974,1.0
227,704.509,968.699,1.0,773.249,970.694,1.0,655.378,962.665,1.0,624.506,959.84,1.0,795.578,967.911,1.0
228,693.281,969.852,1.0,758.729,968.855,1.0,643.427,961.881,1.0,610.031,954.32,1.0,781.735,967.182,1.0
229,680.81,969.185,1.0,747.898,969.664,1.0,633.885,963.029,1.0,596.521,957.289,1.0,770.667,965.701,1.0
230,671.275,965.968,1.0,737.967,967.096,1.0,619.042,962.315,1.0,592.837,961.111,1.0,761.128,966.187,1.0
231,658.428,965.608,1.0,732.955,967.15,1.0,606.314,965.631,1.0,582.482,962.234,1.0,750.817,968.826,1.0
232,657.326,961.635,1.0,720.565,966.618,1.0,601.282,963.567,1.0,575.362,970.415,1.0,745.348,971.532,1.0
233,652.394,961.036,1.0,716.125,968.668,1.0,601.381,964.615,1.0,565.26,966.664,1.0,735.767,965.064,1.0
234,649.102,962.331,1.0,710.998,966.601,1.0,598.288,965.116,1.0,564.685,969.731,1.0,733.848,965.564,1.0
235,649.432,964.059,1.0,710.842,967.085,1.0,598.77,967.363,1.0,563.92,969.979,1.0,732.899,966.816,1.0
236,648.601,963.35,1.0,709.55,966.729,1.0,600.151,967.029,1.0,562.062,974.014,1.0,732.803,966.976,1.0
237,646.826,962.858,1.0,709.231,966.63,1.0,600.92,966.817,1.0,559.228,973.862,1.0,736.924,968.494,1.0
238,649.88,963.212,1.0,712.124,968.566,1.0,599.417,964.518,1.0,560.471,969.452,1.0,736.158,968.092,1.0
239,650.857,964.62,1.0,711.137,966.978,1.0,602.209,966.665,1.0,561.56,967.237,1.0,734.938,967.234,1.0
240,647.86,965.078,1.0,709.832,967.874,1.0,602.035,967.091,1.0,560.663,965.782,1.0,733.278,966.315,1.0
241,647.318,965.148,1.0,709.23,968.789,1.0,601.041,966.417,1.0,558.905,967.633,1.0,733.165,967.099,1.0
242,645.942,964.256,1.0,709.423,968.86,1.0,598.895,964.625,1.0,555.277,963.297,1.0,733.179,967.158,1.0
243,644.98,964.638,1.0,709.023,968.54,1.0,594.039,964.06,1.0,549.88,959.511,1.0,732.507,966.68,1.0
244,642.665,964.207,1.0,705.262,968.317,1.0,590.617,960.701,1.0,548.918,960.428,1.0,728.775,966.954,1.0
245,642.039,963.209,1.0,701.62,967.973,1.0,592.268,960.909,1.0,543.706,955.946,1.0,726.124,967.027,1.0
246,639.621,962.183,1.0,702.81,968.019,1.0,588.085,961.278,1.0,543.499,958.399,1.0,727.169,964.312,1.0
247,638.74,961.845,1.0,702.854,967.706,1.0,588.065,961.513,1.0,543.149,959.469,1.0,726.315,964.263,1.0
248,639.111,962.17,1.0,702.029,967.952,1.0,585.153,961.656,1.0,541.987,957.532,1.0,724.713,963.972,1.0
249,638.723,962.034,1.0,701.573,967.653,1.0,586.047,960.588,1.0,541.281,959.213,1.0,723.938,963.798,1.0
250,638.472,961.899,1.0,702.312,968.064,1.0,587.26,961.08,1.0,545.013,956.078,1.0,725.792,963.688,1.0
251,638.783,961.428,1.0,703.091,968.528,1.0,592.249,958.908,1.0,546.293,950.949,1.0,726.841,963.836,1.0
252,644.137,963.431,1.0,701.175,968.991,1.0,596.117,956.416,1.0,557.648,944.764,1.0,726.051,967.131,1.0
253,644.993,963.65,1.0,702.3,969.601,1.0,600.906,953.293,1.0,563.904,935.96,1.0,727.597,968.514,1.0
254,646.73,963.421,1.0,704.112,971.836,1.0,603.646,949.375,1.0,572.671,930.806,1.0,728.719,969.914,1.0
255,648.238,963.349,1.0,705.895,973.651,1.0,605.892,954.063,1.0,583.523,925.438,1.0,731.263,970.582,1.0
256,648.824,963.225,1.0,706.019,974.252,1.0,607.661,944.638,1.0,591.83,921.089,1.0,732.118,972.466,1.0
257,648.055,961.846,1.0,705.139,974.774,1.0,605.713,936.694,1.0,591.493,908.459,1.0,731.912,973.173,1.0
258,647.413,958.302,1.0,702.739,976.393,1.0,607.911,932.286,1.0,596.547,893.843,1.0,729.105,977.605,1.0
259,647.037,955.234,1.0,704.702,976.49,1.0,607.15,924.855,1.0,600.83,889.945,1.0,728.667,978.67,1.0
260,638.727,951.27,1.0,700.359,975.312,1.0,607.075,920.956,1.0,597.218,881.498,1.0,722.365,979.637,1.0
261,634.522,946.198,1.0,690.164,975.356,1.0,601.043,911.875,1.0,596.886,873.253,1.0,716.438,983.382,1.0
262,624.985,938.13,1.0,680.709,976.847,1.0,603.4,906.837,1.0,596.198,863.969,1.0,702.431,980.511,1.0
263,616.521,929.209,1.0,,,0.0,597.852,890.224,1.0,594.593,860.879,1.0,,,0.0
264,617.195,922.049,1.0,668.96,967.67,1.0,592.92,883.525,1.0,584.792,847.895,1.0,692.068,972.111,1.0
265,616.622,911.841,1.0,661.585,961.63,1.0,592.776,869.764,1.0,582.018,840.804,1.0,684.717,968.584,1.0
266,608.88,904.599,1.0,654.887,962.145,1.0,589.984,863.708,1.0,573.74,828.899,1.0,677.364,971.611,1.0
267,607.214,896.627,1.0,641.654,954.508,1.0,589.108,855.725,1.0,576.395,819.474,1.0,666.262,965.432,1.0
268,601.449,885.637,1.0,636.691,945.213,1.0,584.069,842.619,1.0,565.525,810.285,1.0,656.546,955.875,1.0
269,598.306,881.201,1.0,628.273,937.556,1.0,584.298,843.93,1.0,568.486,808.266,1.0,648.191,953.534,1.0
270,597.926,881.681,1.0,622.927,938.062,1.0,580.287,844.044,1.0,561.476,806.934,1.0,645.441,953.684,1.0
271,598.23,881.557,1.0,621.572,934.84,1.0,579.552,842.838,1.0,559.367,807.159,1.0,643.877,954.781,1.0
272,598.341,881.669,1.0,622.355,935.118,1.0,578.843,843.796,1.0,558.415,806.798,1.0,645.073,955.349,1.0
273,599.178,881.633,1.0,622.875,934.914,1.0,579.235,843.951,1.0,558.235,807.006,1.0,645.748,955.507,1.0
274,599.548,881.528,1.0,622.957,934.744,1.0,579.259,843.769,1.0,558.013,807.174,1.0,645.899,955.799,1.0
275,600.419,880.878,1.0,622.931,934.405,1.0,579.718,843.786,1.0,557.915,807.143,1.0,646.1,956.731,1.0
276,600.869,880.888,1.0,622.868,934.33,1.0,579.328,843.379,1.0,558.36,806.822,1.0,646.17,956.699,1.0
277,601.34,880.826,1.0,623.11,934.292,1.0,579.421,843.535,1.0,558.308,806.774,1.0,646.494,957.177,1.0
278,601.195,881.145,1.0,623.362,934.347,1.0,580.307,844.152,1.0,557.768,808.173,1.0,645.007,948.285,1.0
279,601.642,881.444,1.0,624.109,934.577,1.0,580.449,845.01,1.0,557.916,809.4,1.0,645.484,948.426,1.0
280,601.476,881.614,1.0,624.127,934.796,1.0,580.173,845.02,1.0,557.557,808.081,1.0,645.537,948.391,1.0
281,601.276,881.748,1.0,624.149,934.578,1.0,579.901,845.539,1.0,557.605,808.067,1.0,645.452,948.409,1.0
282,601.446,881.822,1.0,624.036,934.569,1.0,580.012,845.157,1.0,556.743,808.894,1.0,645.393,948.443,1.0
283,601.64,881.908,1.0,622.431,934.268,1.0,580.388,837.572,1.0,555.728,816.355,1.0,644.163,956.812,1.0
284,603.566,880.166,1.0,624.78,936.651,1.0,577.372,843.612,1.0,549.097,821.2,1.0,639.169,955.468,1.0
285,602.299,883.818,1.0,623.961,936.585,1.0,577.96,850.444,1.0,552.32,827.804,1.0,638.458,955.222,1.0
286,603.397,884.035,1.0,623.975,937.636,1.0,580.989,854.725,1.0,548.839,826.987,1.0,640.038,951.927,1.0
287,599.789,882.765,1.0,625.82,938.595,1.0,577.975,856.772,1.0,546.076,827.881,1.0,639.368,951.782,1.0
288,600.027,882.036,1.0,620.961,935.775,1.0,577.615,857.551,1.0,547.177,826.919,1.0,639.633,951.619,1.0
289,600.797,882.348,1.0,621.452,935.659,1.0,577.743,856.321,1.0,549.705,830.833,1.0,639.774,951.525,1.0
290,601.291,882.984,1.0,621.679,935.644,1.0,578.012,856.202,1.0,549.938,830.655,1.0,640.121,951.638,1.0
291,600.085,882.366,1.0,621.901,935.372,1.0,578.207,856.122,1.0,549.148,827.505,1.0,639.906,951.532,1.0
292,599.167,881.229,1.0,621.886,935.141,1.0,581.408,853.743,1.0,565.721,824.488,1.0,639.032,951.077,1.0
293,601.305,882.74,1.0,624.856,936.748,1.0,586.576,848.741,1.0,573.408,819.76,1.0,638.683,951.152,1.0
294,601.383,881.547,1.0,621.018,935.014,1.0,582.9,848.39,1.0,580.125,818.034,1.0,638.88,951.387,1.0
295,601.652,879.331,1.0,624.615,937.111,1.0,583.135,845.637,1.0,585.27,809.598,1.0,638.587,951.341,1.0
296,603.59,877.973,1.0,622.578,935.406,1.0,583.011,841.958,1.0,588.568,801.934,1.0,640.161,954.86,1.0
297,597.947,877.19,1.0,617.898,932.464,1.0,582.496,830.354,1.0,586.506,796.528,1.0,634.826,951.054,1.0
298,596.208,870.151,1.0,613.121,926.789,1.0,585.743,822.347,1.0,591.775,792.635,1.0,630.319,948.429,1.0
299,592.233,861.317,1.0,606.203,922.417,1.0,588.33,821.81,1.0,605.065,783.086,1.0,624.448,940.866,1.0
300,592.343,849.955,1.0,606.79,917.208,1.0,596.491,807.366,1.0,609.573,777.034,1.0,618.112,936.97,1.0
301,596.163,844.844,1.0,602.75,914.678,1.0,600.751,799.021,1.0,618.181,764.332,1.0,619.314,933.428,1.0
302,603.657,835.289,1.0,599.968,904.847,1.0,608.292,795.298,1.0,620.203,759.024,1.0,609.962,924.811,1.0
303,600.373,822.796,1.0,592.809,894.891,1.0,609.019,778.562,1.0,624.827,743.768,1.0,600.026,915.601,1.0
304,602.988,810.025,1.0,589.535,880.294,1.0,616.79,766.976,1.0,626.661,734.468,1.0,597.086,904.587,1.0
305,603.515,797.352,1.0,593.838,865.397,1.0,615.987,755.926,1.0,629.417,722.011,1.0,592.812,888.992,1.0
306,605.742,787.191,1.0,588.901,855.364,1.0,619.346,740.594,1.0,630.651,713.027,1.0,593.465,881.454,1.0
307,609.799,777.955,1.0,588.816,849.975,1.0,619.448,734.909,1.0,636.043,701.493,1.0,587.692,873.523,1.0
308,605.677,764.371,1.0,594.766,833.652,1.0,620.932,722.382,1.0,636.306,687.763,1.0,594.269,860.536,1.0
309,610.284,754.891,1.0,592.551,822.243,1.0,623.068,711.128,1.0,629.973,675.32,1.0,589.386,849.638,1.0
310,616.188,746.594,1.0,592.806,814.702,1.0,620.643,693.719,1.0,629.231,666.559,1.0,593.068,844.053,1.0
311,615.247,728.023,1.0,595.369,802.082,1.0,616.258,685.523,1.0,621.721,651.032,1.0,592.026,823.692,1.0
312,613.329,715.718,1.0,594.557,787.095,1.0,620.367,670.475,1.0,625.666,639.374,1.0,590.915,808.687,1.0
313,610.948,704.033,1.0,599.998,769.898,1.0,620.188,656.306,1.0,626.022,622.456,1.0,594.364,794.933,1.0
314,613.27,694.943,1.0,599.272,765.028,1.0,619.125,649.104,1.0,629.9,620.185,1.0,601.601,791.813,1.0
315,613.795,685.469,1.0,602.433,754.735,1.0,617.107,638.221,1.0,630.028,603.119,1.0,602.312,782.852,1.0
316,613.205,671.461,1.0,601.754,748.764,1.0,617.665,631.361,1.0,622.166,600.164,1.0,600.14,774.962,1.0
317,610.336,661.694,1.0,604.361,733.678,1.0,618.069,613.512,1.0,622.565,586.788,1.0,602.401,761.343,1.0
318,611.265,653.618,1.0,605.738,724.497,1.0,616.413,602.045,1.0,621.618,577.851,1.0,601.104,750.268,1.0
319,613.521,645.352,1.0,603.291,714.524,1.0,609.201,599.41,1.0,605.636,571.493,1.0,604.511,743.378,1.0
320,609.523,633.271,1.0,603.967,703.305,1.0,603.597,586.896,1.0,599.304,560.818,1.0,601.118,731.065,1.0
321,606.218,630.357,1.0,600.886,695.749,1.0,603.868,585.041,1.0,594.178,554.99,1.0,600.095,722.963,1.0
322,604.099,619.176,1.0,601.925,686.673,1.0,590.253,569.139,1.0,590.812,543.068,1.0,600.315,712.229,1.0
323,600.606,614.133,1.0,598.185,681.031,1.0,590.589,562.106,1.0,589.3,538.513,1.0,596.208,701.101,1.0
324,594.933,602.325,1.0,595.757,670.819,1.0,584.969,550.36,1.0,583.401,522.102,1.0,597.277,699.057,1.0
325,591.126,588.367,1.0,597.525,656.378,1.0,582.259,536.745,1.0,585.769,510.891,1.0,597.193,684.43,1.0
326,591.431,576.783,1.0,593.396,647.636,1.0,581.956,527.705,1.0,586.487,496.557,1.0,598.401,671.765,1.0
327,586.727,562.005,1.0,589.774,630.849,1.0,584.063,514.897,1.0,591.4,491.942,1.0,595.486,659.749,1.0
328,586.551,554.335,1.0,590.596,626.272,1.0,584.52,500.2,1.0,590.232,475.559,1.0,594.198,648.247,1.0
329,590.568,540.996,1.0,589.426,612.85,1.0,586.779,492.946,1.0,594.365,466.023,1.0,588.065,636.779,1.0
330,588.664,533.86,1.0,585.088,601.26,1.0,590.672,486.398,1.0,592.22,458.493,1.0,583.914,628.719,1.0
331,588.171,522.546,1.0,584.051,594.078,1.0,591.923,471.545,1.0,595.659,445.813,1.0,585.226,616.749,1.0
332,590.0,510.128,1.0,581.383,577.018,1.0,592.933,462.666,1.0,599.065,431.379,1.0,576.218,602.039,1.0
333,589.427,496.01,1.0,581.103,565.923,1.0,603.783,447.483,1.0,612.902,421.117,1.0,577.014,589.563,1.0
334,591.356,486.217,1.0,576.452,552.719,1.0,605.539,438.369,1.0,615.387,409.649,1.0,576.208,580.959,1.0
335,588.736,475.178,1.0,576.742,545.962,1.0,605.359,420.99,1.0,621.395,399.899,1.0,577.53,569.673,1.0
336,595.24,455.505,1.0,576.232,525.551,1.0,608.65,411.598,1.0,626.379,388.188,1.0,577.485,554.948,1.0
337,599.645,448.588,1.0,580.016,519.257,1.0,617.702,401.775,1.0,631.795,375.087,1.0,578.004,543.652,1.0
338,601.298,438.832,1.0,581.298,508.306,1.0,614.051,392.29,1.0,630.974,368.466,1.0,579.839,537.105,1.0
339,601.805,429.119,1.0,581.475,494.151,1.0,616.424,377.19,1.0,630.845,358.353,1.0,576.441,520.587,1.0
340,605.075,415.659,1.0,582.5,488.473,1.0,615.104,374.916,1.0,621.498,348.863,1.0,575.627,510.346,1.0
341,602.928,409.613,1.0,582.193,482.356,1.0,608.265,363.569,1.0,619.657,343.518,1.0,577.359,507.902,1.0
342,601.636,405.044,1.0,581.698,472.408,1.0,610.271,358.252,1.0,618.624,329.838,1.0,573.883,493.276,1.0
343,601.04,394.254,1.0,582.637,463.091,1.0,608.944,348.403,1.0,614.571,318.347,1.0,576.309,488.247,1.0
344,601.084,379.148,1.0,583.74,446.768,1.0,606.861,326.513,1.0,617.49,301.957,1.0,576.653,472.793,1.0
345,601.471,363.52,1.0,586.282,430.275,1.0,604.796,313.511,1.0,614.868,285.605,1.0,579.572,456.992,1.0
346,602.415,340.155,1.0,585.16,414.063,1.0,605.547,296.566,1.0,617.429,273.47,1.0,584.654,440.528,1.0
347,601.921,332.002,1.0,587.539,401.821,1.0,605.635,280.967,1.0,609.918,258.751,1.0,585.691,425.252,1.0
348,601.769,315.841,1.0,589.986,381.78,1.0,601.372,262.979,1.0,603.058,237.01,1.0,584.048,407.866,1.0
349,599.471,302.146,1.0,590.641,367.827,1.0,590.474,249.248,1.0,588.028,226.543,1.0,585.467,394.202,1.0
350,591.791,296.161,1.0,589.777,357.75,1.0,594.441,240.865,1.0,589.982,219.719,1.0,586.061,382.927,1.0
351,592.447,280.412,1.0,588.703,347.334,1.0,588.367,228.33,1.0,583.958,202.488,1.0,583.64,373.311,1.0
352,592.189,267.79,1.0,593.176,334.041,1.0,581.821,214.135,1.0,584.176,193.003,1.0,589.194,362.151,1.0
353,589.93,253.321,1.0,592.896,326.666,1.0,587.296,208.264,1.0,574.989,181.65,1.0,589.578,351.646,1.0
354,588.329,249.193,1.0,592.379,319.393,1.0,582.028,198.883,1.0,568.583,180.847,1.0,593.411,347.716,1.0
355,587.758,249.391,1.0,589.625,316.177,1.0,584.167,198.956,1.0,572.234,177.0,1.0,592.795,345.613,1.0
356,589.843,246.701,1.0,591.673,317.166,1.0,583.834,200.968,1.0,568.023,165.265,1.0,597.223,346.066,1.0
357,591.441,241.233,1.0,589.559,310.671,1.0,584.678,194.183,1.0,567.729,165.199,1.0,591.904,336.438,1.0
358,590.568,240.837,1.0,593.387,306.077,1.0,583.537,188.215,1.0,575.354,157.392,1.0,591.621,333.81,1.0
359,589.525,231.902,1.0,588.633,304.827,1.0,586.201,185.287,1.0,576.721,155.247,1.0,584.141,329.726,1.0
360,589.349,224.221,1.0,586.585,294.521,1.0,584.608,176.949,1.0,583.646,141.422,1.0,585.488,318.301,1.0
361,588.997,220.007,1.0,585.139,289.572,1.0,588.06,167.876,1.0,585.775,141.422,1.0,586.507,314.669,1.0
362,590.107,209.551,1.0,584.967,278.894,1.0,589.801,159.111,1.0,588.048,136.14,1.0,578.877,302.328,1.0
363,586.32,204.249,1.0,581.922,274.442,1.0,590.227,155.506,1.0,595.82,127.455,1.0,581.27,299.78,1.0
364,588.087,190.267,1.0,581.442,267.358,1.0,594.002,142.324,1.0,603.058,117.142,1.0,578.732,286.689,1.0
365,588.898,185.9,1.0,581.403,256.914,1.0,592.817,132.586,1.0,600.919,112.622,1.0,577.207,282.414,1.0
366,591.114,176.141,1.0,579.198,251.732,1.0,596.497,133.714,1.0,605.881,105.016,1.0,580.046,279.484,1.0
367,589.539,172.405,1.0,576.203,244.666,1.0,595.877,124.192,1.0,602.12,105.694,1.0,576.501,269.826,1.0
368,587.927,171.257,1.0,578.839,242.972,1.0,595.247,116.984,1.0,598.478,98.65,1.0,576.94,264.11,1.0
369,588.123,170.208,1.0,579.562,240.4,1.0,593.745,116.755,1.0,597.61,91.065,1.0,579.695,267.262,1.0
370,588.408,169.95,1.0,579.959,242.001,1.0,593.581,116.82,1.0,597.706,90.912,1.0,578.333,263.249,1.0
371,588.319,170.295,1.0,580.257,242.887,1.0,593.541,116.898,1.0,597.861,91.151,1.0,578.37,263.543,1.0
372,588.226,170.623,1.0,580.711,243.671,1.0,593.587,116.966,1.0,598.28,91.494,1.0,578.467,264.201,1.0
373,589.331,170.621,1.0,581.524,236.853,1.0,593.519,116.884,1.0,598.457,91.471,1.0,578.588,264.81,1.0
374,589.819,171.229,1.0,581.099,237.396,1.0,593.608,116.889,1.0,598.666,91.584,1.0,578.426,265.332,1.0
375,590.276,170.152,1.0,581.421,237.209,1.0,593.595,116.788,1.0,598.687,91.816,1.0,578.446,265.051,1.0
376,590.345,170.189,1.0,581.408,237.244,1.0,593.554,116.88,1.0,598.914,91.994,1.0,578.404,265.057,1.0
377,590.476,170.436,1.0,581.488,237.211,1.0,593.183,116.479,1.0,598.579,91.904,1.0,578.407,265.018,1.0
378,590.5,170.507,1.0,581.483,237.206,1.0,593.047,116.412,1.0,598.162,91.804,1.0,578.37,265.025,1.0
379,590.716,170.307,1.0,581.418,237.201,1.0,593.052,116.412,1.0,598.097,91.678,1.0,578.365,265.037,1.0
380,591.056,169.907,1.0,581.398,237.278,1.0,593.14,116.415,1.0,598.16,91.463,1.0,578.4,264.997,1.0
381,591.055,169.997,1.0,581.424,237.677,1.0,592.899,116.285,1.0,597.683,91.199,1.0,578.184,265.257,1.0
382,591.025,170.15,1.0,581.444,238.118,1.0,592.387,116.247,1.0,597.12,91.547,1.0,578.128,265.71,1.0
383,591.157,170.236,1.0,581.693,237.77,1.0,592.502,116.155,1.0,597.03,91.485,1.0,578.393,265.511,1.0
384,590.945,170.515,1.0,581.758,237.675,1.0,592.497,116.018,1.0,596.936,91.479,1.0,578.542,265.486,1.0
385,591.452,170.808,1.0,581.635,236.98,1.0,591.625,116.478,1.0,591.834,91.236,1.0,578.372,264.977,1.0
386,589.495,169.81,1.0,580.258,240.224,1.0,591.584,119.636,1.0,576.902,95.192,1.0,578.011,266.953,1.0
387,586.294,173.864,1.0,575.518,236.185,1.0,587.986,122.869,1.0,574.093,101.364,1.0,573.308,259.289,1.0
388,590.604,175.206,1.0,573.487,237.77,1.0,585.671,128.801,1.0,565.117,107.24,1.0,569.191,263.436,1.0
389,589.779,177.288,1.0,570.465,239.43,1.0,584.121,134.092,1.0,560.269,108.399,1.0,568.981,266.489,1.0
390,590.496,174.719,1.0,571.019,239.391,1.0,584.003,133.049,1.0,558.632,102.232,1.0,571.488,265.817,1.0
391,590.208,175.18,1.0,573.767,240.614,1.0,588.15,131.853,1.0,552.437,101.34,1.0,566.606,263.214,1.0
392,590.617,173.496,1.0,575.973,239.738,1.0,582.506,128.746,1.0,554.909,103.46,1.0,568.188,261.488,1.0
393,591.566,169.657,1.0,575.606,240.157,1.0,586.264,121.303,1.0,549.131,95.155,1.0,568.466,262.172,1.0
394,592.308,165.847,1.0,576.811,238.716,1.0,583.358,116.889,1.0,546.552,89.271,1.0,569.661,260.638,1.0
395,591.255,161.926,1.0,573.483,232.938,1.0,582.066,117.07,1.0,552.873,83.599,1.0,571.808,256.483,1.0
396,587.773,160.541,1.0,578.363,232.454,1.0,580.653,111.242,1.0,552.146,79.673,1.0,575.334,257.026,1.0
397,587.205,162.729,1.0,573.911,233.484,1.0,578.246,108.053,1.0,551.703,72.727,1.0,577.904,255.78,1.0
398,587.083,159.908,1.0,577.075,228.107,1.0,579.183,104.425,1.0,560.692,69.828,1.0,575.571,252.469,1.0
399,586.694,157.837,1.0,579.792,222.305,1.0,578.749,103.607,1.0,560.919,67.154,1.0,577.585,249.591,1.0
400,587.551,154.119,1.0,579.271,219.688,1.0,579.421,102.594,1.0,559.996,65.126,1.0,577.924,247.958,1.0
401,586.983,154.434,1.0,580.644,227.269,1.0,578.907,101.405,1.0,557.337,62.16,1.0,581.015,251.529,1.0
402,586.592,152.036,1.0,581.572,222.381,1.0,576.044,107.695,1.0,557.053,62.408,1.0,581.775,247.684,1.0
403,586.437,148.397,1.0,581.012,219.972,1.0,576.196,104.348,1.0,559.836,62.111,1.0,580.8,245.64,1.0
404,586.653,149.075,1.0,580.95,215.46,1.0,576.95,102.426,1.0,558.13,60.999,1.0,579.745,238.954,1.0
405,585.853,144.315,1.0,583.187,217.541,1.0,577.434,100.834,1.0,558.995,61.73,1.0,583.205,239.98,1.0
406,587.976,142.241,1.0,589.266,214.774,1.0,576.812,100.54,1.0,556.284,60.419,1.0,589.18,239.279,1.0
407,588.945,144.218,1.0,593.983,215.477,1.0,575.34,99.397,1.0,554.992,59.63,1.0,591.192,238.189,1.0
408,589.294,144.911,1.0,588.174,216.655,1.0,575.411,98.876,1.0,551.79,58.746,1.0,591.425,237.099,1.0
409,589.306,144.1,1.0,594.679,214.292,1.0,577.181,97.186,1.0,552.447,58.195,1.0,594.688,240.028,1.0
410,589.29,144.848,1.0,591.617,213.687,1.0,574.936,96.888,1.0,549.255,57.88,1.0,590.031,240.223,1.0
411,587.974,142.027,1.0,590.174,213.449,1.0,574.066,95.259,1.0,548.935,57.644,1.0,589.047,239.912,1.0
412,588.066,141.19,1.0,588.123,213.247,1.0,573.459,95.763,1.0,548.28,56.73,1.0,587.892,239.246,1.0
413,587.867,142.135,1.0,587.627,214.427,1.0,573.385,96.008,1.0,548.098,57.583,1.0,587.721,239.788,1.0
414,588.107,140.806,1.0,586.61,216.186,1.0,575.245,101.469,1.0,558.909,64.582,1.0,586.4,238.308,1.0
415,587.345,146.596,1.0,583.563,216.805,1.0,578.239,108.589,1.0,570.89,67.191,1.0,583.753,242.199,1.0
416,586.364,155.242,1.0,583.982,218.863,1.0,584.48,117.034,1.0,581.319,77.05,1.0,585.552,245.241,1.0
417,585.357,160.198,1.0,580.88,220.253,1.0,586.776,121.332,1.0,594.774,82.376,1.0,581.641,247.34,1.0
418,585.139,158.889,1.0,579.442,220.036,1.0,590.805,116.908,1.0,603.844,80.626,1.0,580.312,247.027,1.0
419,586.048,157.434,1.0,574.97,216.117,1.0,592.865,117.618,1.0,613.145,85.632,1.0,574.294,241.392,1.0
420,584.967,154.585,1.0,576.034,218.684,1.0,599.684,117.279,1.0,618.276,86.723,1.0,571.032,240.823,1.0
421,587.199,157.715,1.0,576.605,221.08,1.0,601.127,124.086,1.0,623.98,89.546,1.0,569.681,244.587,1.0
422,588.706,158.331,1.0,575.479,220.819,1.0,610.06,128.201,1.0,633.633,101.599,1.0,568.434,243.8,1.0
423,590.737,159.947,1.0,573.733,220.088,1.0,611.598,129.855,1.0,638.753,104.192,1.0,573.009,244.137,1.0
424,591.808,159.323,1.0,572.19,216.546,1.0,618.649,134.618,1.0,642.354,105.533,1.0,571.144,242.644,1.0
425,589.093,162.595,1.0,572.418,216.137,1.0,617.949,133.32,1.0,647.167,114.977,1.0,571.305,242.206,1.0
426,591.349,160.12,1.0,572.514,215.653,1.0,625.157,130.018,1.0,657.461,117.223,1.0,571.731,242.094,1.0
427,598.216,158.175,1.0,572.497,215.273,1.0,634.121,132.12,1.0,665.065,126.556,1.0,569.727,237.799,1.0
428,603.287,151.99,1.0,572.88,210.464,1.0,640.002,132.661,1.0,677.71,127.461,1.0,569.994,236.545,1.0
429,608.634,149.244,1.0,573.595,206.672,1.0,651.982,131.299,1.0,686.342,129.586,1.0,569.929,232.788,1.0
430,618.193,149.197,1.0,574.804,203.468,1.0,661.055,132.47,1.0,699.353,130.751,1.0,567.42,228.922,1.0
431,623.861,146.753,1.0,575.032,193.454,1.0,672.784,134.021,1.0,703.207,135.137,1.0,571.967,217.43,1.0
432,636.841,141.984,1.0,583.55,187.818,1.0,682.396,131.914,1.0,710.671,134.002,1.0,574.015,207.214,1.0
433,644.39,141.533,1.0,585.835,180.806,1.0,690.176,127.973,1.0,725.307,132.489,1.0,575.931,201.448,1.0
434,654.479,135.131,1.0,592.417,173.65,1.0,700.298,126.248,1.0,733.565,134.618,1.0,582.679,192.745,1.0
435,660.643,133.746,1.0,596.269,160.678,1.0,709.42,124.357,1.0,745.006,131.365,1.0,588.285,182.966,1.0
436,675.46,128.986,1.0,608.385,154.113,1.0,720.327,122.46,1.0,754.047,130.326,1.0,592.841,171.874,1.0
437,684.538,126.419,1.0,615.787,149.813,1.0,734.852,122.271,1.0,768.184,128.66,1.0,604.419,163.78,1.0
438,696.893,125.115,1.0,627.824,140.325,1.0,745.459,119.668,1.0,776.793,121.541,1.0,609.925,157.893,1.0
439,706.991,125.144,1.0,639.195,141.339,1.0,752.509,114.598,1.0,787.852,119.107,1.0,620.609,151.275,1.0
440,716.82,126.389,1.0,648.055,135.404,1.0,760.81,120.456,1.0,798.284,115.331,1.0,634.488,146.258,1.0
441,729.786,123.038,1.0,665.007,136.072,1.0,776.031,115.776,1.0,809.145,114.032,1.0,637.958,142.617,1.0
442,744.705,122.067,1.0,674.407,129.013,1.0,790.781,113.338,1.0,823.959,117.33,1.0,656.756,139.721,1.0
443,758.371,117.5,1.0,687.372,129.277,1.0,808.245,112.116,1.0,838.273,114.416,1.0,665.936,134.732,1.0
444,777.805,109.831,1.0,706.151,124.466,1.0,823.373,109.253,1.0,858.267,112.665,1.0,684.834,126.587,1.0
445,791.267,112.054,1.0,721.991,121.622,1.0,841.843,106.656,1.0,874.278,101.102,1.0,701.07,127.403,1.0
446,808.097,111.972,1.0,738.12,120.942,1.0,856.256,102.932,1.0,884.518,100.818,1.0,717.489,120.375,1.0
447,822.528,111.508,1.0,756.315,114.595,1.0,871.747,102.413,1.0,905.248,95.298,1.0,732.599,119.585,1.0
448,836.018,110.189,1.0,768.757,108.211,1.0,881.907,108.705,1.0,913.556,95.198,1.0,745.737,111.266,1.0
449,842.206,105.982,1.0,776.376,109.314,1.0,893.48,104.792,1.0,924.278,101.22,1.0,759.19,110.918,1.0
450,853.654,104.922,1.0,785.029,107.464,1.0,901.803,98.931,1.0,933.48,106.413,1.0,762.471,110.542,1.0
451,859.179,104.089,1.0,788.192,109.769,1.0,910.305,101.053,1.0,942.252,120.421,1.0,769.064,108.996,1.0
452,873.972,103.993,1.0,808.282,112.53,1.0,922.044,108.209,1.0,950.536,121.401,1.0,783.132,112.184,1.0
453,890.807,105.538,1.0,822.014,111.0,1.0,940.004,111.213,1.0,967.634,124.506,1.0,797.603,111.407,1.0
454,905.072,110.607,1.0,840.53,110.91,1.0,957.335,111.373,1.0,984.806,124.665,1.0,816.204,108.726,1.0
455,923.221,109.263,1.0,858.689,109.854,1.0,972.345,109.593,1.0,1000.0,122.246,1.0,828.226,106.594,1.0
456,938.9,107.831,1.0,868.745,101.385,1.0,989.171,108.534,1.0,1019.036,121.776,1.0,847.54,105.361,1.0
457,957.451,105.331,1.0,887.132,103.521,1.0,1007.257,112.71,1.0,1039.512,125.959,1.0,863.862,105.782,1.0
458,975.334,110.386,1.0,905.097,105.362,1.0,1025.79,119.366,1.0,1054.667,126.137,1.0,884.569,101.741,1.0
459,999.315,109.919,1.0,927.163,106.821,1.0,1048.8,122.472,1.0,1078.604,131.337,1.0,905.905,103.167,1.0
460,1019.589,113.334,1.0,950.806,107.211,1.0,1067.882,117.526,1.0,1100.909,135.653,1.0,926.322,102.762,1.0
461,1036.111,114.904,1.0,964.219,105.89,1.0,1088.492,117.265,1.0,1112.852,132.998,1.0,941.718,100.468,1.0
462,1052.926,114.47,1.0,981.557,108.077,1.0,1108.984,118.653,1.0,1131.0,127.802,1.0,958.821,102.45,1.0
463,1070.622,108.35,1.0,1000.491,104.958,1.0,1121.623,114.601,1.0,1143.314,126.5,1.0,977.955,103.48,1.0
464,1086.044,107.955,1.0,1015.693,101.27,1.0,1140.26,113.332,1.0,1163.223,125.347,1.0,994.466,103.437,1.0
465,1101.41,107.602,1.0,1031.32,105.083,1.0,1157.81,114.223,1.0,1179.882,123.351,1.0,1008.606,100.5,1.0
466,1122.891,106.323,1.0,1049.648,105.556,1.0,1175.841,111.611,1.0,1200.846,119.681,1.0,1029.426,100.443,1.0
467,1141.448,100.457,1.0,1071.773,104.116,1.0,1192.017,113.098,1.0,1215.856,117.626,1.0,1048.055,104.191,1.0
468,1159.764,105.372,1.0,1092.063,102.748,1.0,1213.601,110.873,1.0,1234.934,117.639,1.0,1066.953,100.811,1.0
469,1174.049,104.067,1.0,1110.567,104.781,1.0,1228.917,103.958,1.0,1254.722,113.574,1.0,1085.051,101.599,1.0
470,1192.068,107.437,1.0,1127.677,106.113,1.0,1247.144,105.264,1.0,1267.026,105.863,1.0,1101.62,105.075,1.0
471,1202.414,104.208,1.0,1140.198,106.027,1.0,1260.958,104.497,1.0,1280.518,106.972,1.0,1115.396,103.509,1.0
472,1214.109,104.951,1.0,1147.479,102.267,1.0,1271.278,103.309,1.0,1292.52,109.765,1.0,1129.55,101.424,1.0
473,1227.343,102.338,1.0,1157.388,104.551,1.0,1280.098,103.339,1.0,1300.66,110.946,1.0,1136.859,103.989,1.0
474,1240.514,102.569,1.0,1176.207,104.051,1.0,1295.867,104.145,1.0,1323.709,117.919,1.0,1150.406,102.914,1.0
475,1259.893,101.514,1.0,1189.669,101.463,1.0,1309.095,108.591,1.0,1335.473,116.861,1.0,1166.819,107.164,1.0
476,1272.489,103.829,1.0,1209.972,104.704,1.0,1327.977,112.078,1.0,1351.823,121.863,1.0,1180.848,106.836,1.0
477,1285.136,107.628,1.0,1224.07,105.334,1.0,1343.735,111.491,1.0,1368.307,117.738,1.0,1198.226,104.072,1.0
478,1303.189,106.055,1.0,1238.076,106.508,1.0,1358.296,109.609,1.0,1380.473,120.458,1.0,1212.175,105.276,1.0
479,1316.685,104.953,1.0,,,0.0,1371.955,110.245,1.0,1391.175,118.522,1.0,,,0.0
480,1330.153,101.463,1.0,1265.788,104.182,1.0,1386.677,107.996,1.0,1410.981,117.939,1.0,1243.489,99.678,1.0
481,1343.53,103.712,1.0,1274.811,104.84,1.0,1396.491,104.487,1.0,1419.34,113.895,1.0,1255.244,101.842,1.0
482,1350.518,102.255,1.0,1284.034,104.748,1.0,1406.584,101.994,1.0,1434.856,108.155,1.0,1261.439,106.4,1.0
483,1362.376,99.211,1.0,1297.517,104.151,1.0,1416.285,104.844,1.0,1435.567,104.279,1.0,1273.975,104.639,1.0
484,1366.097,99.483,1.0,1304.704,104.728,1.0,1416.368,104.669,1.0,1436.099,104.675,1.0,1279.313,105.873,1.0
485,1367.031,101.85,1.0,1301.726,103.359,1.0,1418.806,103.974,1.0,1442.888,109.478,1.0,1277.153,104.692,1.0
486,1369.692,101.759,1.0,1310.14,105.483,1.0,1423.633,106.323,1.0,1441.569,111.298,1.0,1287.526,106.301,1.0
487,1369.102,102.949,1.0,1310.802,99.336,1.0,1419.61,102.767,1.0,1440.379,108.591,1.0,1289.985,99.235,1.0
488,1368.733,103.661,1.0,1311.503,98.917,1.0,1418.013,102.918,1.0,1443.93,112.975,1.0,1288.744,97.437,1.0
489,1367.768,104.33,1.0,1311.658,98.387,1.0,1415.935,103.772,1.0,1447.253,119.166,1.0,1288.758,96.488,1.0
490,1365.946,103.557,1.0,1310.046,98.773,1.0,1414.73,103.275,1.0,1444.794,118.724,1.0,1289.142,98.893,1.0
491,1369.263,105.896,1.0,1307.791,99.533,1.0,1411.521,109.898,1.0,1446.517,128.684,1.0,1290.306,97.853,1.0
492,1367.565,103.513,1.0,1307.972,97.714,1.0,1418.305,110.35,1.0,1449.916,129.258,1.0,1288.423,95.044,1.0
493,1372.18,102.453,1.0,1312.432,95.286,1.0,1420.09,116.499,1.0,1458.344,131.911,1.0,1289.715,95.761,1.0
494,1374.462,106.897,1.0,1316.388,96.834,1.0,1424.858,120.736,1.0,1459.572,136.902,1.0,1293.634,96.171,1.0
495,1378.31,107.701,1.0,1319.715,96.945,1.0,1424.986,116.353,1.0,1463.821,134.96,1.0,1296.147,95.164,1.0
496,1379.992,109.432,1.0,1313.54,97.711,1.0,1423.146,120.086,1.0,1465.455,141.657,1.0,1293.788,93.948,1.0
497,1380.843,109.663,1.0,1314.022,97.675,1.0,1425.767,123.02,1.0,1463.824,140.303,1.0,1294.966,94.482,1.0
498,1379.869,109.511,1.0,1322.277,96.78,1.0,1424.664,121.96,1.0,1462.266,141.063,1.0,1293.929,94.885,1.0
499,1377.974,110.006,1.0,1321.893,97.165,1.0,1420.486,121.943,1.0,1448.287,150.485,1.0,1293.975,94.975,1.0
500,1375.818,108.987,1.0,1321.94,97.081,1.0,1415.493,125.88,1.0,1440.046,150.621,1.0,1293.636,94.704,1.0
501,1373.517,106.744,1.0,1321.357,97.051,1.0,1411.441,127.561,1.0,1425.499,155.406,1.0,1295.423,95.795,1.0
502,1373.417,104.608,1.0,1317.884,97.164,1.0,1408.457,128.74,1.0,1417.49,161.727,1.0,1294.01,96.236,1.0
503,1373.049,102.355,1.0,1317.309,96.612,1.0,1406.586,131.086,1.0,1417.452,167.073,1.0,1293.864,95.096,1.0
504,1373.996,102.503,1.0,1317.349,96.338,1.0,1408.073,135.484,1.0,1406.624,170.792,1.0,1293.987,95.409,1.0
505,1374.407,104.024,1.0,1317.167,96.0,1.0,1405.202,137.505,1.0,1406.565,178.825,1.0,1293.304,95.545,1.0
506,1374.869,109.968,1.0,1318.24,96.208,1.0,1403.0,143.636,1.0,1401.3,183.566,1.0,1293.07,95.53,1.0
507,1373.185,111.947,1.0,1318.309,96.655,1.0,1399.137,146.858,1.0,1397.446,186.641,1.0,1293.569,96.113,1.0
508,1373.858,116.7,1.0,1318.562,95.788,1.0,1404.052,155.506,1.0,1401.295,189.578,1.0,1295.927,93.627,1.0
509,1375.982,114.598,1.0,1315.196,95.066,1.0,1400.045,158.496,1.0,1396.073,194.539,1.0,1292.672,91.112,1.0
510,1375.689,117.956,1.0,1319.788,96.573,1.0,1402.546,164.024,1.0,1398.905,201.403,1.0,1300.349,92.428,1.0
511,1377.057,123.259,1.0,1325.808,98.039,1.0,1404.852,164.366,1.0,1402.505,206.099,1.0,1306.034,96.009,1.0
512,1387.236,134.846,1.0,1336.063,100.618,1.0,1406.542,179.344,1.0,1409.175,220.211,1.0,1316.378,95.582,1.0
513,1389.985,140.652,1.0,1341.578,104.431,1.0,1413.974,188.884,1.0,1410.96,226.155,1.0,1323.422,95.649,1.0
514,1394.22,150.534,1.0,1351.208,107.534,1.0,1419.467,203.696,1.0,1414.152,233.278,1.0,1332.687,97.465,1.0
515,1403.502,158.046,1.0,1358.603,114.811,1.0,1419.254,208.515,1.0,1416.803,245.308,1.0,1335.546,105.857,1.0
516,1403.133,165.843,1.0,1368.792,120.345,1.0,1421.206,211.169,1.0,1426.388,250.503,1.0,1349.693,104.388,1.0
517,1410.132,180.548,1.0,1374.955,127.418,1.0,1423.464,223.535,1.0,1429.97,260.007,1.0,1359.466,111.108,1.0
518,1417.812,183.5,1.0,1383.793,132.065,1.0,1425.185,236.839,1.0,1429.768,265.793,1.0,1369.77,114.574,1.0
519,1419.511,190.112,1.0,1390.009,135.827,1.0,1427.438,239.511,1.0,1433.167,272.351,1.0,1374.531,122.635,1.0
520,1421.219,196.66,1.0,1394.389,143.667,1.0,1432.76,244.733,1.0,1431.909,279.803,1.0,1378.015,124.609,1.0
521,1422.361,203.671,1.0,1401.553,145.616,1.0,1431.2,248.43,1.0,1435.118,286.31,1.0,1382.852,128.702,1.0
522,1421.811,215.479,1.0,1403.706,154.527,1.0,1436.007,260.978,1.0,1429.316,298.036,1.0,1389.273,133.517,1.0
523,1423.547,224.591,1.0,1408.209,160.512,1.0,1429.728,272.881,1.0,1424.505,309.908,1.0,1395.725,142.346,1.0
524,1422.696,231.329,1.0,1411.698,172.66,1.0,1430.741,283.344,1.0,1423.25,317.56,1.0,1402.551,149.849,1.0
525,1422.427,245.71,1.0,1418.317,184.306,1.0,1423.255,289.27,1.0,1426.611,331.112,1.0,1405.589,162.34,1.0
526,1424.595,251.371,1.0,1423.509,194.953,1.0,1421.786,300.165,1.0,1422.865,336.339,1.0,1414.053,171.535,1.0
527,1425.77,262.346,1.0,1422.441,200.287,1.0,1422.839,304.587,1.0,1419.458,346.825,1.0,1416.509,181.143,1.0
528,1427.377,261.229,1.0,1423.404,207.26,1.0,1424.408,310.651,1.0,1414.911,347.937,1.0,1422.281,188.188,1.0
529,1429.26,269.535,1.0,1427.901,215.386,1.0,1427.707,313.985,1.0,1412.415,352.414,1.0,1422.883,190.206,1.0
530,1429.541,270.484,1.0,1433.07,214.488,1.0,1427.625,313.323,1.0,1411.592,353.744,1.0,1423.713,193.957,1.0
531,1429.737,271.395,1.0,1431.995,216.816,1.0,1426.872,311.968,1.0,1404.933,350.933,1.0,1423.279,195.441,1.0
532,1428.294,272.396,1.0,1430.986,216.467,1.0,1425.124,312.726,1.0,1405.347,347.479,1.0,1421.564,195.229,1.0
533,1428.375,271.454,1.0,1430.638,215.71,1.0,1423.094,311.819,1.0,1401.92,346.492,1.0,1421.646,194.769,1.0
534,1429.0,269.766,1.0,1430.548,215.086,1.0,1421.158,310.79,1.0,1401.881,345.529,1.0,1421.039,194.102,1.0
535,1428.724,270.106,1.0,1429.834,214.653,1.0,1420.183,310.205,1.0,1399.143,346.055,1.0,1420.565,193.357,1.0
536,1428.695,270.443,1.0,1430.105,215.238,1.0,1420.164,310.093,1.0,1399.122,347.549,1.0,1420.81,193.814,1.0
537,1429.044,270.33,1.0,1430.453,216.176,1.0,1420.158,310.11,1.0,1399.574,349.607,1.0,1421.401,194.635,1.0
538,1428.857,273.452,1.0,1430.467,216.584,1.0,1419.91,307.378,1.0,1398.663,353.915,1.0,1421.349,195.559,1.0
539,1426.709,275.17,1.0,1430.103,216.749,1.0,1416.764,312.311,1.0,1395.456,352.481,1.0,1420.993,195.422,1.0
540,1428.835,276.366,1.0,1431.519,217.335,1.0,1416.934,317.645,1.0,1395.044,359.027,1.0,1422.746,196.873,1.0
541,1428.137,279.853,1.0,1431.78,218.476,1.0,1415.285,319.274,1.0,1393.62,360.484,1.0,1422.69,197.684,1.0
542,1428.76,282.476,1.0,1431.88,219.941,1.0,1414.01,323.757,1.0,1394.137,364.003,1.0,1422.496,199.323,1.0
543,1427.486,275.452,1.0,1430.736,219.776,1.0,1419.287,329.491,1.0,1394.265,361.506,1.0,1421.919,199.03,1.0
544,1427.848,275.953,1.0,1430.871,220.264,1.0,1419.324,330.026,1.0,1388.644,361.971,1.0,1421.951,199.666,1.0
545,1428.653,276.409,1.0,1430.992,219.741,1.0,1420.327,332.355,1.0,1394.314,364.38,1.0,1421.688,199.132,1.0
546,1428.498,275.473,1.0,1430.801,220.577,1.0,1415.517,327.456,1.0,1398.365,367.965,1.0,1421.554,199.492,1.0
547,1429.509,277.043,1.0,1430.717,222.177,1.0,1416.371,331.748,1.0,1404.559,369.159,1.0,1422.144,200.487,1.0
548,1430.286,282.745,1.0,1430.783,221.798,1.0,1426.134,336.71,1.0,1416.578,379.185,1.0,1423.825,205.907,1.0
549,1435.117,293.923,1.0,1432.114,227.099,1.0,1427.245,343.685,1.0,1423.95,382.171,1.0,1426.019,203.8,1.0
550,1432.993,294.552,1.0,1432.546,233.928,1.0,1433.205,353.528,1.0,1423.542,389.443,1.0,1428.635,211.517,1.0
551,1433.511,308.122,1.0,1432.63,241.127,1.0,1433.958,364.201,1.0,1426.801,395.771,1.0,1429.491,218.061,1.0
552,1433.34,315.415,1.0,1430.986,250.817,1.0,1436.089,369.093,1.0,1434.532,405.831,1.0,1435.594,228.122,1.0
553,1432.667,327.004,1.0,1433.053,260.688,1.0,1434.698,380.615,1.0,1428.85,416.845,1.0,1431.949,235.898,1.0
554,1430.856,333.757,1.0,1435.036,272.195,1.0,1436.775,393.257,1.0,1429.432,429.563,1.0,1436.098,251.043,1.0
555,1433.372,350.573,1.0,1436.643,282.241,1.0,1434.033,404.093,1.0,1425.312,439.515,1.0,1437.658,259.965,1.0
556,1436.834,366.411,1.0,1437.16,296.405,1.0,1435.329,414.11,1.0,1430.78,456.856,1.0,1436.208,273.867,1.0
557,1438.441,382.096,1.0,1438.882,308.839,1.0,1438.134,429.731,1.0,1431.274,469.423,1.0,1440.854,289.823,1.0
558,1437.45,392.405,1.0,1437.024,326.816,1.0,1438.508,445.298,1.0,1433.217,479.485,1.0,1440.899,304.038,1.0
559,1438.114,405.35,1.0,1442.443,339.912,1.0,1440.926,457.523,1.0,1431.03,494.148,1.0,1441.041,315.991,1.0
560,1437.101,415.668,1.0,1438.255,353.435,1.0,1439.735,469.139,1.0,1432.49,506.271,1.0,1438.583,330.938,1.0
561,1435.247,422.999,1.0,1438.975,360.533,1.0,1435.461,481.912,1.0,1431.21,511.054,1.0,1436.308,336.814,1.0
562,1437.018,432.729,1.0,1441.859,373.172,1.0,1434.444,493.669,1.0,1426.001,523.234,1.0,1437.534,345.765,1.0
563,1436.553,448.672,1.0,1436.109,384.161,1.0,1433.727,503.223,1.0,1425.817,541.41,1.0,1439.332,358.809,1.0
564,1437.448,465.588,1.0,1438.465,399.513,1.0,1432.341,522.157,1.0,1425.574,554.831,1.0,1436.874,379.014,1.0
565,1437.458,484.955,1.0,1439.169,416.017,1.0,1433.636,537.602,1.0,1422.025,567.542,1.0,1440.639,392.742,1.0
566,1437.625,497.504,1.0,1437.654,431.256,1.0,1434.521,553.951,1.0,1424.699,582.612,1.0,1441.133,409.594,1.0
567,1436.688,508.664,1.0,1438.93,445.474,1.0,1437.123,567.929,1.0,1433.419,602.954,1.0,1439.429,422.959,1.0
568,1436.728,525.94,1.0,1436.563,459.126,1.0,1441.08,580.532,1.0,1433.11,616.486,1.0,1437.542,435.497,1.0
569,1437.98,541.191,1.0,1439.93,476.773,1.0,1442.431,596.728,1.0,1436.194,630.839,1.0,1436.075,452.736,1.0
570,1438.341,558.668,1.0,1439.381,491.176,1.0,1441.055,615.173,1.0,1439.165,645.069,1.0,1440.609,466.66,1.0
571,1436.993,570.608,1.0,1436.945,504.323,1.0,1441.868,622.738,1.0,1442.072,655.24,1.0,1437.313,479.438,1.0
572,1437.19,581.931,1.0,1437.976,513.861,1.0,1441.614,633.466,1.0,1440.383,667.254,1.0,1436.418,487.63,1.0
573,1439.371,600.182,1.0,1435.914,524.506,1.0,1443.356,645.724,1.0,1440.595,679.134,1.0,1438.121,507.627,1.0
574,1440.341,615.231,1.0,1438.412,543.619,1.0,1443.796,663.157,1.0,1441.322,700.36,1.0,1432.767,521.637,1.0
575,1439.138,625.876,1.0,1439.638,553.604,1.0,1445.12,682.372,1.0,1440.014,708.995,1.0,1434.989,530.626,1.0
576,1440.355,630.753,1.0,1442.146,564.736,1.0,1443.291,688.265,1.0,1439.643,720.684,1.0,1438.325,541.793,1.0
577,1437.909,643.289,1.0,1436.01,574.545,1.0,1439.034,701.051,1.0,1446.532,733.06,1.0,1435.746,558.06,1.0
578,1439.249,647.081,1.0,1440.053,583.057,1.0,1441.826,701.998,1.0,1450.263,735.568,1.0,1439.304,559.133,1.0
579,1437.797,653.346,1.0,1438.632,590.998,1.0,1441.927,707.916,1.0,1449.8,741.623,1.0,1437.489,569.552,1.0
580,1440.25,657.331,1.0,1437.766,593.788,1.0,1444.617,713.76,1.0,1452.823,746.171,1.0,1438.957,567.813,1.0
581,1442.235,657.038,1.0,1438.965,596.336,1.0,1446.241,713.262,1.0,1458.714,746.244,1.0,1442.015,569.931,1.0
582,1441.657,659.621,1.0,1437.843,599.623,1.0,1447.186,713.941,1.0,1456.847,744.7,1.0,1441.533,573.416,1.0
583,1442.295,661.657,1.0,1442.132,597.833,1.0,1447.982,712.125,1.0,1460.502,744.957,1.0,1442.869,575.481,1.0
584,1440.724,664.72,1.0,1437.309,596.983,1.0,1447.685,711.028,1.0,1455.299,742.201,1.0,1439.945,574.574,1.0
585,1440.45,665.102,1.0,1438.687,599.041,1.0,1446.359,707.566,1.0,1453.411,738.548,1.0,1437.218,576.881,1.0
586,1438.923,662.873,1.0,1432.193,599.403,1.0,1442.656,706.432,1.0,1450.183,736.562,1.0,1431.872,574.549,1.0
587,1438.116,662.418,1.0,1432.889,598.761,1.0,1442.93,710.634,1.0,1440.368,743.846,1.0,1428.72,575.906,1.0
588,1437.124,668.527,1.0,1432.902,605.44,1.0,1439.406,720.521,1.0,1431.951,749.779,1.0,1430.924,580.659,1.0
589,1437.46,673.796,1.0,1431.162,611.456,1.0,1437.029,725.962,1.0,1432.416,763.423,1.0,1430.702,586.257,1.0
590,1439.176,687.762,1.0,1435.013,625.35,1.0,1438.825,741.819,1.0,1427.965,768.287,1.0,1435.556,604.193,1.0
591,1441.16,701.368,1.0,1438.191,637.188,1.0,1437.867,753.643,1.0,1423.186,783.14,1.0,1432.426,614.45,1.0
592,1439.061,715.694,1.0,1437.098,648.07,1.0,1436.388,766.56,1.0,1424.565,794.868,1.0,1437.337,624.946,1.0
593,1439.428,725.486,1.0,1441.795,658.299,1.0,1435.739,782.711,1.0,1430.844,807.599,1.0,1439.297,635.195,1.0
594,1440.36,735.547,1.0,1437.189,671.9,1.0,1440.761,790.028,1.0,1430.522,818.512,1.0,1437.698,648.147,1.0
595,1438.801,742.663,1.0,1439.241,678.484,1.0,1441.682,798.182,1.0,1432.546,828.668,1.0,1437.301,655.6,1.0
596,1439.192,749.689,1.0,1437.653,687.884,1.0,1439.276,806.616,1.0,1433.65,838.843,1.0,1438.762,663.022,1.0
597,1439.165,763.839,1.0,1440.832,703.959,1.0,1441.657,815.472,1.0,1436.673,842.947,1.0,1438.518,679.933,1.0
598,1440.093,766.709,1.0,1440.965,710.169,1.0,1440.311,824.922,1.0,1437.385,845.705,1.0,1441.495,686.152,1.0
599,1438.846,775.66,1.0,1442.423,711.698,1.0,1440.705,824.654,1.0,1442.522,847.882,1.0,1440.509,690.66,1.0
